"Flowmentum, Inc.",Generative AI Engineer,https://www.linkedin.com/jobs/view/4292845766/?eBP=BUDGET_EXHAUSTED_JOB&refId=AMnMmGwF7puUONgLwW4flQ%3D%3D&trackingId=ZyjXqYhwOHTy2aMYm%2BWoYA%3D%3D&trk=flagship3_search_srp_jobs,95
Jobot,REMOTE Software Engineer (Python/Django),https://www.linkedin.com/jobs/view/4290721821/?eBP=NOT_ELIGIBLE_FOR_CHARGING&refId=uuPOjNF%2BtoLJIdywgC%2FFrA%3D%3D&trackingId=Jq7r6YL4AodeF0%2Bsh%2FwWtQ%3D%3D&trk=flagship3_search_srp_jobs,95
Feel,Founding Engineer – Applied AI (Chatbot + Emotion Tech),https://www.linkedin.com/jobs/view/4292437136/?eBP=BUDGET_EXHAUSTED_JOB&refId=K3k97i%2BxK3bJ4oNhDk7AJw%3D%3D&trackingId=OjU76Ku1cRs5C8kvbWZB6g%3D%3D&trk=flagship3_search_srp_jobs,95
Vertex Elite LLC,Sr.Python Developer,https://www.linkedin.com/jobs/view/4292184749/?eBP=NOT_ELIGIBLE_FOR_CHARGING&refId=K3k97i%2BxK3bJ4oNhDk7AJw%3D%3D&trackingId=Xw8uMxHOrOPrhG16wk03mw%3D%3D&trk=flagship3_search_srp_jobs,95
Tytan Technology Inc.,Artificial Intelligence Engineer,https://www.linkedin.com/jobs/view/4290726603/?eBP=BUDGET_EXHAUSTED_JOB&refId=K3k97i%2BxK3bJ4oNhDk7AJw%3D%3D&trackingId=jRoR5QzleP8wHh3ZKxNp0g%3D%3D&trk=flagship3_search_srp_jobs,95
Mainz Brady Group,Generative AI Engineer,https://www.linkedin.com/jobs/view/4289548411/?eBP=NOT_ELIGIBLE_FOR_CHARGING&refId=C9oIBk8DV9vMN0cqD5frdQ%3D%3D&trackingId=yme0%2FT9arLdl8m1tjACCXQ%3D%3D&trk=flagship3_search_srp_jobs,95
Enigma,"Senior AI Engineer | NLP | Large Language Models | Machine Learning | Remote, US",https://www.linkedin.com/jobs/view/4292400903/?eBP=NOT_ELIGIBLE_FOR_CHARGING&refId=C9oIBk8DV9vMN0cqD5frdQ%3D%3D&trackingId=dhbtZpd1VkJR3O5H%2B5Emhw%3D%3D&trk=flagship3_search_srp_jobs,95
Jobgether,Sr. AI Engineer (Remote - US),https://www.linkedin.com/jobs/view/4290383074/?eBP=NOT_ELIGIBLE_FOR_CHARGING&refId=C9oIBk8DV9vMN0cqD5frdQ%3D%3D&trackingId=uFW8NedbDg1rG0SfCV8umA%3D%3D&trk=flagship3_search_srp_jobs,95
PDSSOFT INC.,Artificial Intelligence Engineer/ GenAI/LLM Engineer,https://www.linkedin.com/jobs/view/4290321738/?eBP=NOT_ELIGIBLE_FOR_CHARGING&refId=EHXJ3KGsx36YFI0%2BbnEA9A%3D%3D&trackingId=%2B5%2BfnVwlDkcOLuUlyGPKJA%3D%3D&trk=flagship3_search_srp_jobs,95
Lif3away Inc.,Artificial Intelligence Engineer,https://www.linkedin.com/jobs/view/4290373989/?eBP=NOT_ELIGIBLE_FOR_CHARGING&refId=EHXJ3KGsx36YFI0%2BbnEA9A%3D%3D&trackingId=GVEDNw0GaIBMBgVreOdqXQ%3D%3D&trk=flagship3_search_srp_jobs,95
Brooksource,Artificial Intelligence Engineer,https://www.linkedin.com/jobs/view/4292405275/?eBP=NOT_ELIGIBLE_FOR_CHARGING&refId=EHXJ3KGsx36YFI0%2BbnEA9A%3D%3D&trackingId=rgoyCH5EEu7kxDovocH8Pw%3D%3D&trk=flagship3_search_srp_jobs,95
EVONA,Machine Learning Engineer,https://www.linkedin.com/jobs/view/4290701435/?eBP=NOT_ELIGIBLE_FOR_CHARGING&refId=piBxbVw6cQocsgYRDbGLtA%3D%3D&trackingId=aIvIJe8j7UJ2LydRAg8hVA%3D%3D&trk=flagship3_search_srp_jobs,95
Curate Partners,Machine Learning Engineer,https://www.linkedin.com/jobs/view/4292567837/?eBP=NOT_ELIGIBLE_FOR_CHARGING&refId=piBxbVw6cQocsgYRDbGLtA%3D%3D&trackingId=cpXlpWlujAAO7Mv5L4SbmA%3D%3D&trk=flagship3_search_srp_jobs,95
Compri Consulting,Senior Data Scientist,https://www.linkedin.com/jobs/view/4286806216/?eBP=NOT_ELIGIBLE_FOR_CHARGING&refId=piBxbVw6cQocsgYRDbGLtA%3D%3D&trackingId=b4ZPXVm8kB3EtXMsx%2BelkQ%3D%3D&trk=flagship3_search_srp_jobs,95
Iris Software Inc.,Machine Learning Engineer,https://www.linkedin.com/jobs/view/4273723473/?eBP=NOT_ELIGIBLE_FOR_CHARGING&refId=KhwkuiG1iYKHKiG3xdJ5vA%3D%3D&trackingId=mRR5eytoC5WtHmHKgAfXHg%3D%3D&trk=flagship3_search_srp_jobs,95
OpTech,Generative Artificial Intelligence Architect (W2 Only),https://www.linkedin.com/jobs/view/4292180405/?eBP=NOT_ELIGIBLE_FOR_CHARGING&refId=ttFRnHjpkQ9xB%2FRQahgePQ%3D%3D&trackingId=jNig2n%2BkEJjZn5j9lpII6A%3D%3D&trk=flagship3_search_srp_jobs,95
"IDR, Inc.",GenAI Engineer (W2 Contract),https://www.linkedin.com/jobs/view/4292185938/?eBP=NOT_ELIGIBLE_FOR_CHARGING&refId=vCQFOrVKlAq6dG1xR7G5%2FA%3D%3D&trackingId=LuO0XrIUIIPOec5rZm4qtg%3D%3D&trk=flagship3_search_srp_jobs,95
PointClickCare,Principal AI Architect,https://www.linkedin.com/jobs/view/4292432454/?eBP=NOT_ELIGIBLE_FOR_CHARGING&refId=MDTsOfYfAZEcSpvvSe2Ihg%3D%3D&trackingId=J2RQHydBifwwv45woQt9sQ%3D%3D&trk=flagship3_search_srp_jobs,95
mroads,Principal AI & Cloud Solutions Architect,https://www.linkedin.com/jobs/view/4292182834/?eBP=NOT_ELIGIBLE_FOR_CHARGING&refId=xuhEMv3evCwwAHx0%2FEPGZQ%3D%3D&trackingId=CoOFvSRhb4d%2BC%2BQRDJYz8w%3D%3D&trk=flagship3_search_srp_jobs,95
KPI Partners,Senior Data Engineer,https://www.linkedin.com/jobs/view/4292531617/?eBP=BUDGET_EXHAUSTED_JOB&refId=xuhEMv3evCwwAHx0%2FEPGZQ%3D%3D&trackingId=ndMoJjASFYXBMu28EKibkA%3D%3D&trk=flagship3_search_srp_jobs,95
Snapsheet Inc,Lead Software Engineer - R&D,https://www.linkedin.com/jobs/view/4292591798/?eBP=NOT_ELIGIBLE_FOR_CHARGING&refId=OIQDCPJUo0GWRijjwbbXeQ%3D%3D&trackingId=cFRBubluUOPwKLTlIRriUw%3D%3D&trk=flagship3_search_srp_jobs,95
Rackspace Technology,Machine Learning Architect (AWS),https://www.linkedin.com/jobs/view/4277971256/?eBP=NOT_ELIGIBLE_FOR_CHARGING&refId=iJQ5coZ5IkYLlnUdaQcFIA%3D%3D&trackingId=injsrb9t%2FICP6ZBprcbodA%3D%3D&trk=flagship3_search_srp_jobs,95
Centraprise,AI Infra SRE Engineer,https://www.linkedin.com/jobs/view/4292186816/?eBP=NOT_ELIGIBLE_FOR_CHARGING&refId=C4LH6xryQ0M8ceA91UYckA%3D%3D&trackingId=RcUkJmD6suQN4PecfVADfw%3D%3D&trk=flagship3_search_srp_jobs,95
Tekfortune IT India Pvt Ltd,MPI Fabric Data & ML Engineer,https://www.linkedin.com/jobs/view/4292518063/?eBP=NOT_ELIGIBLE_FOR_CHARGING&refId=9sITF2gyuquiCTRMnz%2B3TQ%3D%3D&trackingId=pLQeBdlVmpi01cvMsf0IpA%3D%3D&trk=flagship3_search_srp_jobs,95
Addison Group,Data Analyst,https://www.linkedin.com/jobs/view/4292187734/?eBP=NOT_ELIGIBLE_FOR_CHARGING&refId=%2FYkgbyquBPItYt%2BGyMx%2BiQ%3D%3D&trackingId=AXEulERSgzcUo%2Fp4ZdMX4g%3D%3D&trk=flagship3_search_srp_jobs,95
Enigma,"Data Scientist | Python | Natural Language Processing | Large Language Models | Machine Learning | Remote, US",https://www.linkedin.com/jobs/view/4292192993/?eBP=NOT_ELIGIBLE_FOR_CHARGING&refId=K3k97i%2BxK3bJ4oNhDk7AJw%3D%3D&trackingId=elfD9I3%2BJORdnToG%2BvoLSA%3D%3D&trk=flagship3_search_srp_jobs,92
北京伯度咨询,NLP算法,https://www.linkedin.com/jobs/view/4273052615/?eBP=NOT_ELIGIBLE_FOR_CHARGING&refId=AMnMmGwF7puUONgLwW4flQ%3D%3D&trackingId=oL5IRqSA8%2Bp6QgM3bE9wxA%3D%3D&trk=flagship3_search_srp_jobs,90
Jobot,REMOTE Software Engineer (Python/Django),https://www.linkedin.com/jobs/view/4290721815/?eBP=NOT_ELIGIBLE_FOR_CHARGING&refId=K3k97i%2BxK3bJ4oNhDk7AJw%3D%3D&trackingId=c3Xo6CiEUpE8n%2FOY0LZcSg%3D%3D&trk=flagship3_search_srp_jobs,90
KenkoTech Futures,Principal Machine Learning Engineer,https://www.linkedin.com/jobs/view/4292179306/?eBP=NOT_ELIGIBLE_FOR_CHARGING&refId=K3k97i%2BxK3bJ4oNhDk7AJw%3D%3D&trackingId=uJcPu%2F9uU7c%2BVO9wtABysg%3D%3D&trk=flagship3_search_srp_jobs,90
Jobot,REMOTE Software Engineer (Python/Django),https://www.linkedin.com/jobs/view/4290726191/?eBP=NOT_ELIGIBLE_FOR_CHARGING&refId=C9oIBk8DV9vMN0cqD5frdQ%3D%3D&trackingId=Bjt%2BEJlLjMJ9u4uJtGqgdg%3D%3D&trk=flagship3_search_srp_jobs,90
Apollo Solutions,Staff Software Engineer - Python,https://www.linkedin.com/jobs/view/4292527898/?eBP=NOT_ELIGIBLE_FOR_CHARGING&refId=C9oIBk8DV9vMN0cqD5frdQ%3D%3D&trackingId=GolaAVY0%2FG1cKwSJ5yh1ww%3D%3D&trk=flagship3_search_srp_jobs,90
Silvaco Inc,Optics & Electromagnetics Intern,https://www.linkedin.com/jobs/view/4290775563/?eBP=NOT_ELIGIBLE_FOR_CHARGING&refId=C9oIBk8DV9vMN0cqD5frdQ%3D%3D&trackingId=dkzrsHc%2FGusDhqSb1ZT7lA%3D%3D&trk=flagship3_search_srp_jobs,90
NeerInfo Solutions,Generative AI Engineer (No H1B),https://www.linkedin.com/jobs/view/4292509796/?eBP=NOT_ELIGIBLE_FOR_CHARGING&refId=EHXJ3KGsx36YFI0%2BbnEA9A%3D%3D&trackingId=avYjz5zfcxBDDpDjU1k9xg%3D%3D&trk=flagship3_search_srp_jobs,90
"K1X, Inc.",Machine Learning Engineer,https://www.linkedin.com/jobs/view/4280886212/?eBP=NOT_ELIGIBLE_FOR_CHARGING&refId=EHXJ3KGsx36YFI0%2BbnEA9A%3D%3D&trackingId=6I5szI9%2BaNYc9SSHzOLouQ%3D%3D&trk=flagship3_search_srp_jobs,90
ADS Tech Inc,Senior Data Scientist,https://www.linkedin.com/jobs/view/4292516299/?eBP=BUDGET_EXHAUSTED_JOB&refId=EHXJ3KGsx36YFI0%2BbnEA9A%3D%3D&trackingId=kB%2BoynUXDnlGWnlmUc%2FU1g%3D%3D&trk=flagship3_search_srp_jobs,90
Geotab,Conversational AI Engineering,https://www.linkedin.com/jobs/view/4292839412/?eBP=NOT_ELIGIBLE_FOR_CHARGING&refId=KhwkuiG1iYKHKiG3xdJ5vA%3D%3D&trackingId=Bt1yyp0OxY8q%2FhRlOWd9Wg%3D%3D&trk=flagship3_search_srp_jobs,90
Rackspace Technology,Machine Learning Architect (AWS),https://www.linkedin.com/jobs/view/4277972153/?eBP=NOT_ELIGIBLE_FOR_CHARGING&refId=KhwkuiG1iYKHKiG3xdJ5vA%3D%3D&trackingId=VRG6S%2BFWFSVOmk2FgEhmig%3D%3D&trk=flagship3_search_srp_jobs,90
"h3 Technologies, LLC",Senior AI architect,https://www.linkedin.com/jobs/view/4292544523/?eBP=NOT_ELIGIBLE_FOR_CHARGING&refId=9V0P1AAefoM6dHhcmgQ4FQ%3D%3D&trackingId=DM%2FzTdele5XkpBu8O7j38Q%3D%3D&trk=flagship3_search_srp_jobs,90
Fundamental.ai,Full-stack Engineer for AI tooling,https://www.linkedin.com/jobs/view/4292436148/?eBP=BUDGET_EXHAUSTED_JOB&refId=vCQFOrVKlAq6dG1xR7G5%2FA%3D%3D&trackingId=wsVpTSc8lbJCVpvN2EN6XA%3D%3D&trk=flagship3_search_srp_jobs,90
Summit Human Capital,100% Remote Senior Data Engineer,https://www.linkedin.com/jobs/view/4292394783/?eBP=BUDGET_EXHAUSTED_JOB&refId=2BLV9tp5O0aQRIB7K0Zpqw%3D%3D&trackingId=n3E7xP2Oyh70r8TPUDlt2w%3D%3D&trk=flagship3_search_srp_jobs,90
Applicantz,Senior Azure Data Engineer,https://www.linkedin.com/jobs/view/4292518298/?eBP=NOT_ELIGIBLE_FOR_CHARGING&refId=DoAGbqaahc0IMr2FkwSmuw%3D%3D&trackingId=t4DF3m28Mtv%2FJfnU6ZDu6g%3D%3D&trk=flagship3_search_srp_jobs,90
EnergeX AI,Software Engineer,https://www.linkedin.com/jobs/view/4258526973/?eBP=BUDGET_EXHAUSTED_JOB&refId=lKfdIVpTTeJ08q0dy5LbUQ%3D%3D&trackingId=IZc4kej4fqex%2Fm84HUyhaw%3D%3D&trk=flagship3_search_srp_jobs,90
Mastech Digital,Data Engineer - Apache Iceberg SME,https://www.linkedin.com/jobs/view/4289883523/?eBP=NOT_ELIGIBLE_FOR_CHARGING&refId=oaTgx5gQbqQnwfpwsN3pJA%3D%3D&trackingId=Pn07RFtCxCfYdSlj3SHVDQ%3D%3D&trk=flagship3_search_srp_jobs,90
Infojini Inc,Lead Data Engineer – Azure,https://www.linkedin.com/jobs/view/4292584840/?eBP=NOT_ELIGIBLE_FOR_CHARGING&refId=xuhEMv3evCwwAHx0%2FEPGZQ%3D%3D&trackingId=zagUDYiC%2FFuLGBEkcjZsSQ%3D%3D&trk=flagship3_search_srp_jobs,90
"Gardner Resources Consulting, LLC",Data Engineer,https://www.linkedin.com/jobs/view/4292397031/?eBP=NOT_ELIGIBLE_FOR_CHARGING&refId=xuhEMv3evCwwAHx0%2FEPGZQ%3D%3D&trackingId=%2FVTSOvoawBgDRPZHuBxnfQ%3D%3D&trk=flagship3_search_srp_jobs,90
VeeAR Projects Inc.,Ray Inference Engineer,https://www.linkedin.com/jobs/view/4292437053/?eBP=NOT_ELIGIBLE_FOR_CHARGING&refId=8nojAsK4shjuizQNqpcrTw%3D%3D&trackingId=DKrcu0yLoUjnzerTnYXgFQ%3D%3D&trk=flagship3_search_srp_jobs,90
Outreach,Forward Deployed Engineer (FDE) – AI Revenue Agents,https://www.linkedin.com/jobs/view/4280891376/?eBP=NOT_ELIGIBLE_FOR_CHARGING&refId=jwArbJHk2bD4Y8XdtknFyg%3D%3D&trackingId=u%2Bpf7ltP4F%2FkXBlMFsw1qw%3D%3D&trk=flagship3_search_srp_jobs,90
SCIENTE,Senior Data & AI Consultant,https://www.linkedin.com/jobs/view/4277115432/?eBP=NOT_ELIGIBLE_FOR_CHARGING&refId=iJQ5coZ5IkYLlnUdaQcFIA%3D%3D&trackingId=a%2FdbCn4TQpXg0TFyLF894g%3D%3D&trk=flagship3_search_srp_jobs,90
Rackspace Technology,Machine Learning Architect (AWS),https://www.linkedin.com/jobs/view/4277972154/?eBP=NOT_ELIGIBLE_FOR_CHARGING&refId=ecNS7UygC6VnqDUAp%2F94MA%3D%3D&trackingId=8Xq02fkV7JbNSqKvp6wiuA%3D%3D&trk=flagship3_search_srp_jobs,90
Fundamental.ai,LLM Post-training Researcher,https://www.linkedin.com/jobs/view/4292430712/?eBP=NOT_ELIGIBLE_FOR_CHARGING&refId=r%2FXZWq3dvnpV1iiWvt%2B0Vg%3D%3D&trackingId=H8%2BdraV8uJ%2BGynv024YqPg%3D%3D&trk=flagship3_search_srp_jobs,90
Premier Group,Software Engineer,https://www.linkedin.com/jobs/view/4292435311/?eBP=NOT_ELIGIBLE_FOR_CHARGING&refId=GZ%2BpnysITSyuVNiPQNDMzA%3D%3D&trackingId=zfKydoXglTDKEMgaOmOe4w%3D%3D&trk=flagship3_search_srp_jobs,90
Onward Search,Software Engineer[79662],https://www.linkedin.com/jobs/view/4290752625/?eBP=NOT_ELIGIBLE_FOR_CHARGING&refId=V3FiRZtGqR2SreSMBZ94Qw%3D%3D&trackingId=3CiISOlMr2LZA4n2C9UosA%3D%3D&trk=flagship3_search_srp_jobs,90
Jobot,REMOTE Software Engineer (Python/Django),https://www.linkedin.com/jobs/view/4290718822/?eBP=NOT_ELIGIBLE_FOR_CHARGING&refId=AMnMmGwF7puUONgLwW4flQ%3D%3D&trackingId=LkbFtlbibNRbJzKwLd2VIg%3D%3D&trk=flagship3_search_srp_jobs,85
Stealth AI Startups,Founding Quant Researcher (Crypto Trading),https://www.linkedin.com/jobs/view/4292396274/?eBP=BUDGET_EXHAUSTED_JOB&refId=AMnMmGwF7puUONgLwW4flQ%3D%3D&trackingId=u4UYRHbx0l4U5gEQ0h8BcQ%3D%3D&trk=flagship3_search_srp_jobs,85
Yorkshire Global Solutions Inc.,Data Quality Analyst/ Engineer,https://www.linkedin.com/jobs/view/4291936250/?eBP=NOT_ELIGIBLE_FOR_CHARGING&refId=AMnMmGwF7puUONgLwW4flQ%3D%3D&trackingId=XeNgHrtP8maBl6wseVu25w%3D%3D&trk=flagship3_search_srp_jobs,85
E-Solutions,Gen AI linguistic,https://www.linkedin.com/jobs/view/4278316656/?eBP=NOT_ELIGIBLE_FOR_CHARGING&refId=K3k97i%2BxK3bJ4oNhDk7AJw%3D%3D&trackingId=qkEERPQEt5EC%2Bfbk6O9OOg%3D%3D&trk=flagship3_search_srp_jobs,85
Simple Thread,Senior/Principal Python Web Engineer,https://www.linkedin.com/jobs/view/4292506359/?eBP=NOT_ELIGIBLE_FOR_CHARGING&refId=FN%2B8%2BqgmU7WQ6Ny39bbEtA%3D%3D&trackingId=JXrFYyYeBfJJrKskMWxadQ%3D%3D&trk=flagship3_search_srp_jobs,85
TechTalent Squared,Technical Business Analyst,https://www.linkedin.com/jobs/view/4292455031/?eBP=NOT_ELIGIBLE_FOR_CHARGING&refId=FN%2B8%2BqgmU7WQ6Ny39bbEtA%3D%3D&trackingId=Y%2Fzi6ZEWKisjMMkL5dJH%2BA%3D%3D&trk=flagship3_search_srp_jobs,85
Avance Consulting,Data Scientist,https://www.linkedin.com/jobs/view/4292439729/?eBP=NOT_ELIGIBLE_FOR_CHARGING&refId=C9oIBk8DV9vMN0cqD5frdQ%3D%3D&trackingId=sllzAca%2BZqy31Jrq5xEezg%3D%3D&trk=flagship3_search_srp_jobs,85
Fundamental.ai,LLM Data Research Engineer,https://www.linkedin.com/jobs/view/4292435289/?eBP=BUDGET_EXHAUSTED_JOB&refId=EHXJ3KGsx36YFI0%2BbnEA9A%3D%3D&trackingId=onhXvJHBLgzh%2F9goskJFrw%3D%3D&trk=flagship3_search_srp_jobs,85
Luna Physical Therapy,Staff Software Engineer,https://www.linkedin.com/jobs/view/4292058093/?eBP=NOT_ELIGIBLE_FOR_CHARGING&refId=EHXJ3KGsx36YFI0%2BbnEA9A%3D%3D&trackingId=PR2x%2BrQgvqN89%2BF8ijedRg%3D%3D&trk=flagship3_search_srp_jobs,85
Quantum Integrators,"Database & Reporting Specialist (SQL, Oracle)",https://www.linkedin.com/jobs/view/4292162480/?eBP=NOT_ELIGIBLE_FOR_CHARGING&refId=H0bKITs252qo8cs8%2FlBiow%3D%3D&trackingId=9PCA3rZq9wWxK0sbZd7hvg%3D%3D&trk=flagship3_search_srp_jobs,85
Weekday AI (YC W21),Sr. AI Research Engineer,https://www.linkedin.com/jobs/view/4290701135/?eBP=NOT_ELIGIBLE_FOR_CHARGING&refId=KhwkuiG1iYKHKiG3xdJ5vA%3D%3D&trackingId=ia7LWBd6VA8oFkZ7fihbFg%3D%3D&trk=flagship3_search_srp_jobs,85
Saragossa,SAP Master Data Analyst - Remote,https://www.linkedin.com/jobs/view/4290759525/?eBP=NOT_ELIGIBLE_FOR_CHARGING&refId=xYyf%2FEfOOrPdnt4D2sPo0w%3D%3D&trackingId=rvrPLyyq3CLZM6KBpndRjg%3D%3D&trk=flagship3_search_srp_jobs,85
HirePlus Infotech LLC,Data Scientist – Supply Chain Analytics (Databricks),https://www.linkedin.com/jobs/view/4292406655/?eBP=NOT_ELIGIBLE_FOR_CHARGING&refId=vTRQ5QvJWtR%2BzFLvNaqO%2Fw%3D%3D&trackingId=y6ftfJiLNoPeFol0OQ9KAA%3D%3D&trk=flagship3_search_srp_jobs,85
Vedan Technologies,Lead Azure Data Engineer (Only for w2 candidates),https://www.linkedin.com/jobs/view/4290770326/?eBP=NOT_ELIGIBLE_FOR_CHARGING&refId=oaTgx5gQbqQnwfpwsN3pJA%3D%3D&trackingId=m38GTeoxemy8KxGz9r3e0A%3D%3D&trk=flagship3_search_srp_jobs,85
Net2Source (N2S),Database Architect,https://www.linkedin.com/jobs/view/4291883899/?eBP=NOT_ELIGIBLE_FOR_CHARGING&refId=oaTgx5gQbqQnwfpwsN3pJA%3D%3D&trackingId=sQ4UOIrUhYOgD48m0hKEQw%3D%3D&trk=flagship3_search_srp_jobs,85
Saddle Creek Logistics Services,"Senior Analytics Engineer, Business Intelligence",https://www.linkedin.com/jobs/view/4292550834/?eBP=NOT_ELIGIBLE_FOR_CHARGING&refId=xuhEMv3evCwwAHx0%2FEPGZQ%3D%3D&trackingId=ACCY5FD0GAqKhFspO9oihQ%3D%3D&trk=flagship3_search_srp_jobs,85
Tredence Inc.,Azure Data Engineer (Databricks),https://www.linkedin.com/jobs/view/4292569237/?eBP=NOT_ELIGIBLE_FOR_CHARGING&refId=i%2F2V6aDOAJR6J75qfz1KYg%3D%3D&trackingId=yjvF0XbGGRXvfoi%2FCASL0Q%3D%3D&trk=flagship3_search_srp_jobs,85
Quanata,"Senior Data Engineer, MLOps [Remote-US]",https://www.linkedin.com/jobs/view/4240265921/?eBP=NOT_ELIGIBLE_FOR_CHARGING&refId=i%2F2V6aDOAJR6J75qfz1KYg%3D%3D&trackingId=R7Tlklzhi0VwDKQSCuiU1g%3D%3D&trk=flagship3_search_srp_jobs,85
Revature,Data Security Specialist,https://www.linkedin.com/jobs/view/4292173293/?eBP=NOT_ELIGIBLE_FOR_CHARGING&refId=iJQ5coZ5IkYLlnUdaQcFIA%3D%3D&trackingId=wg3FDcXCakfUiti7iGoNSg%3D%3D&trk=flagship3_search_srp_jobs,85
Kforce Inc,Senior Software Engineer,https://www.linkedin.com/jobs/view/4292548960/?eBP=NOT_ELIGIBLE_FOR_CHARGING&refId=b85oQm%2BYIjKufvRnTNncVw%3D%3D&trackingId=jFFO6UtrbYYz3349ngOyug%3D%3D&trk=flagship3_search_srp_jobs,85
Cribl,"Senior Staff Software Engineer, Lake",https://www.linkedin.com/jobs/view/4278867384/?eBP=NOT_ELIGIBLE_FOR_CHARGING&refId=ftzU2S478FBZYkwNOkksJQ%3D%3D&trackingId=SKfNczta7hTrCs3T5B%2FnQw%3D%3D&trk=flagship3_search_srp_jobs,85
The Yiddish Arts and Academics Association of North America (YAAANA),Unpaid Internship,https://www.linkedin.com/jobs/view/4292428176/?eBP=NOT_ELIGIBLE_FOR_CHARGING&refId=%2FYkgbyquBPItYt%2BGyMx%2BiQ%3D%3D&trackingId=hhkWB99gYMJ3qZKEPIq33A%3D%3D&trk=flagship3_search_srp_jobs,85
Perficient,Solutions Architect - Snowflake with hands on DBT,https://www.linkedin.com/jobs/view/4292423998/?eBP=NOT_ELIGIBLE_FOR_CHARGING&refId=4gcXxM%2FJhfKu6B%2FXPEejcg%3D%3D&trackingId=1OLYNMo8Fdt7sbGL7k%2BtTQ%3D%3D&trk=flagship3_search_srp_jobs,85
Helic & Co.,Data Analyst,https://www.linkedin.com/jobs/view/4292535957/?eBP=NOT_ELIGIBLE_FOR_CHARGING&refId=AMnMmGwF7puUONgLwW4flQ%3D%3D&trackingId=Zen0cMLEViJRWHXO9yv0BQ%3D%3D&trk=flagship3_search_srp_jobs,80
Onward Search,Research Specialist [79670],https://www.linkedin.com/jobs/view/4290778510/?eBP=NOT_ELIGIBLE_FOR_CHARGING&refId=AMnMmGwF7puUONgLwW4flQ%3D%3D&trackingId=iqzLLIs5qMI%2F459iFY3N8A%3D%3D&trk=flagship3_search_srp_jobs,80
E-Solutions,Multilingual GenAI Assistant,https://www.linkedin.com/jobs/view/4292824534/?eBP=NOT_ELIGIBLE_FOR_CHARGING&refId=uuPOjNF%2BtoLJIdywgC%2FFrA%3D%3D&trackingId=GaCP2nrPTgP9R9oORdwaPQ%3D%3D&trk=flagship3_search_srp_jobs,80
Voxel51,Computer Vision Engineer (Customer Success),https://www.linkedin.com/jobs/view/4292517704/?eBP=NOT_ELIGIBLE_FOR_CHARGING&refId=uuPOjNF%2BtoLJIdywgC%2FFrA%3D%3D&trackingId=xlxQLvl4eJdZi8h2SVuPxA%3D%3D&trk=flagship3_search_srp_jobs,80
Cbase Inc,Databricks Platform Administrator,https://www.linkedin.com/jobs/view/4292191701/?eBP=NOT_ELIGIBLE_FOR_CHARGING&refId=uuPOjNF%2BtoLJIdywgC%2FFrA%3D%3D&trackingId=uSCyQVf2VVLTQSLYie%2FkVw%3D%3D&trk=flagship3_search_srp_jobs,80
Deepgrids,Founding Member of Technical Staff,https://www.linkedin.com/jobs/view/4292181988/?eBP=BUDGET_EXHAUSTED_JOB&refId=K3k97i%2BxK3bJ4oNhDk7AJw%3D%3D&trackingId=Ka26bG%2Fsm0tSAEY6fpCL2A%3D%3D&trk=flagship3_search_srp_jobs,80
DUBAI INSTITUTE OF PEOPLE,Unicorn Scientist,https://www.linkedin.com/jobs/view/4290709437/?eBP=NOT_ELIGIBLE_FOR_CHARGING&refId=K3k97i%2BxK3bJ4oNhDk7AJw%3D%3D&trackingId=k5SAVWH7NxHEa9IxRCQNxw%3D%3D&trk=flagship3_search_srp_jobs,80
Revature,Data Analyst,https://www.linkedin.com/jobs/view/4292172499/?eBP=NOT_ELIGIBLE_FOR_CHARGING&refId=jke0VnqZobkXwVcTvT4zeQ%3D%3D&trackingId=F6%2BwO2uqM2JQa%2FdzFbQuuw%3D%3D&trk=flagship3_search_srp_jobs,80
Brooksource,Data Analyst,https://www.linkedin.com/jobs/view/4292195291/?eBP=NOT_ELIGIBLE_FOR_CHARGING&refId=jke0VnqZobkXwVcTvT4zeQ%3D%3D&trackingId=fd8QUC%2FvGKRA8xjAKQzs5Q%3D%3D&trk=flagship3_search_srp_jobs,80
Jobot,REMOTE Software Engineer (Python/Django),https://www.linkedin.com/jobs/view/4290726174/?eBP=NOT_ELIGIBLE_FOR_CHARGING&refId=FN%2B8%2BqgmU7WQ6Ny39bbEtA%3D%3D&trackingId=FCGSVH9PKvEDTlOmZcZNLg%3D%3D&trk=flagship3_search_srp_jobs,80
Scout Global,AI Perception Engineer,https://www.linkedin.com/jobs/view/4260379777/?eBP=NOT_ELIGIBLE_FOR_CHARGING&refId=C9oIBk8DV9vMN0cqD5frdQ%3D%3D&trackingId=FiWv35F3CABcOKs7M2Ac3Q%3D%3D&trk=flagship3_search_srp_jobs,80
Luna Physical Therapy,Software Engineer II,https://www.linkedin.com/jobs/view/4292055284/?eBP=NOT_ELIGIBLE_FOR_CHARGING&refId=C9oIBk8DV9vMN0cqD5frdQ%3D%3D&trackingId=j4MS3%2FFmkI6cU9JNKqxW4w%3D%3D&trk=flagship3_search_srp_jobs,80
TransPerfect,Digital Marketing Data Analyst,https://www.linkedin.com/jobs/view/4292182937/?eBP=NOT_ELIGIBLE_FOR_CHARGING&refId=%2B95FmsAe7D1oXroxKkTPtw%3D%3D&trackingId=5lka7iiwGcnFgiSk6gdocQ%3D%3D&trk=flagship3_search_srp_jobs,80
Headspace,"Software Engineer, Flutter",https://www.linkedin.com/jobs/view/4290757646/?eBP=NOT_ELIGIBLE_FOR_CHARGING&refId=C9oIBk8DV9vMN0cqD5frdQ%3D%3D&trackingId=xYJ7q%2FfB6SxtMnFRxbzTcg%3D%3D&trk=flagship3_search_srp_jobs,80
SRS Consulting Inc,Sr Python AWS Developer,https://www.linkedin.com/jobs/view/4292558911/?eBP=NOT_ELIGIBLE_FOR_CHARGING&refId=EHXJ3KGsx36YFI0%2BbnEA9A%3D%3D&trackingId=7kcmL7jB70Bv9L4fCuxWoQ%3D%3D&trk=flagship3_search_srp_jobs,80
Marathon TS,GIS Developer,https://www.linkedin.com/jobs/view/4292390898/?eBP=NOT_ELIGIBLE_FOR_CHARGING&refId=EHXJ3KGsx36YFI0%2BbnEA9A%3D%3D&trackingId=UG%2BUehb%2Bo0jou58ZgaFcoA%3D%3D&trk=flagship3_search_srp_jobs,80
Cribl,"Software Engineer, Search Integrations (Backend)",https://www.linkedin.com/jobs/view/4278869259/?eBP=NOT_ELIGIBLE_FOR_CHARGING&refId=EHXJ3KGsx36YFI0%2BbnEA9A%3D%3D&trackingId=knVNQ1hD6diAtBT5GKTtrg%3D%3D&trk=flagship3_search_srp_jobs,80
"ActiveSoft, Inc",Lead/Architect - Data Engineer (W2 Role),https://www.linkedin.com/jobs/view/4292551626/?eBP=NOT_ELIGIBLE_FOR_CHARGING&refId=9z9MBFiCBjHClPNESNOojw%3D%3D&trackingId=LX68Ec6M5ZemjfFgme7ssw%3D%3D&trk=flagship3_search_srp_jobs,80
Prosum,Sr Software Engineer - Backend,https://www.linkedin.com/jobs/view/4292407065/?eBP=NOT_ELIGIBLE_FOR_CHARGING&refId=piBxbVw6cQocsgYRDbGLtA%3D%3D&trackingId=m3IvrOJ69SZCNC2u1N50bg%3D%3D&trk=flagship3_search_srp_jobs,80
Naztec International Group,BI developer - Need on W2 or 1099,https://www.linkedin.com/jobs/view/4292529746/?eBP=NOT_ELIGIBLE_FOR_CHARGING&refId=H0bKITs252qo8cs8%2FlBiow%3D%3D&trackingId=fJBFIzAEsKedE8haFlzITQ%3D%3D&trk=flagship3_search_srp_jobs,80
"Trilyon, Inc.",RTL Design Engineer - Specialized,https://www.linkedin.com/jobs/view/4292193217/?eBP=NOT_ELIGIBLE_FOR_CHARGING&refId=piBxbVw6cQocsgYRDbGLtA%3D%3D&trackingId=jyQoyH7mkPKn3FPgaMMl4Q%3D%3D&trk=flagship3_search_srp_jobs,80
ProKatchers LLC,Software Engineer,https://www.linkedin.com/jobs/view/4290760987/?eBP=NOT_ELIGIBLE_FOR_CHARGING&refId=H0bKITs252qo8cs8%2FlBiow%3D%3D&trackingId=v8pmyxS4WKAFk1omCEWezA%3D%3D&trk=flagship3_search_srp_jobs,80
KenkoTech Futures,Director of Machine Learning,https://www.linkedin.com/jobs/view/4292183260/?eBP=NOT_ELIGIBLE_FOR_CHARGING&refId=NVLdF3FXcuh4wcdWqpfFJw%3D%3D&trackingId=wI%2BsutOThVBrdPX8kvXQAg%3D%3D&trk=flagship3_search_srp_jobs,80
"Itero Group, LLC",Data Modeler,https://www.linkedin.com/jobs/view/4292513837/?eBP=NOT_ELIGIBLE_FOR_CHARGING&refId=d4SUhORFQexZV8CesVcWQQ%3D%3D&trackingId=T49NXsiVfnR4FoSHJESBUA%3D%3D&trk=flagship3_search_srp_jobs,80
STAFFWORXS,AI Solutions Product Manager,https://www.linkedin.com/jobs/view/4290766671/?eBP=NOT_ELIGIBLE_FOR_CHARGING&refId=9V0P1AAefoM6dHhcmgQ4FQ%3D%3D&trackingId=jj5YNfl4wFv3SRW0GgKxnA%3D%3D&trk=flagship3_search_srp_jobs,80
Harrington Starr,Implementation Consultant,https://www.linkedin.com/jobs/view/4292370126/?eBP=NOT_ELIGIBLE_FOR_CHARGING&refId=BBRmv0GgkdN5l2xQKkx%2FLw%3D%3D&trackingId=s7knBUocz2SBQYLdxoO3rA%3D%3D&trk=flagship3_search_srp_jobs,80
GoLive Recruitment,IFS Solution Architect,https://www.linkedin.com/jobs/view/4292581576/?eBP=NOT_ELIGIBLE_FOR_CHARGING&refId=NVLdF3FXcuh4wcdWqpfFJw%3D%3D&trackingId=3BkB0HZktoTQvWA%2FHglGDA%3D%3D&trk=flagship3_search_srp_jobs,80
Pegasystems,Principal Solutions Consultant,https://www.linkedin.com/jobs/view/4278863655/?eBP=NOT_ELIGIBLE_FOR_CHARGING&refId=vCQFOrVKlAq6dG1xR7G5%2FA%3D%3D&trackingId=YqlzVZdMxmSPs7Lb8PkCVQ%3D%3D&trk=flagship3_search_srp_jobs,80
Benchstack Ai,B2B Sales Lead | Health Tech | Remote SF,https://www.linkedin.com/jobs/view/4292365685/?eBP=NOT_ELIGIBLE_FOR_CHARGING&refId=MDTsOfYfAZEcSpvvSe2Ihg%3D%3D&trackingId=U9B7ejCletn%2BWDVF54Cqrw%3D%3D&trk=flagship3_search_srp_jobs,80
Confidential,Python Data Engineer,https://www.linkedin.com/jobs/view/4292423462/?eBP=NOT_ELIGIBLE_FOR_CHARGING&refId=2BLV9tp5O0aQRIB7K0Zpqw%3D%3D&trackingId=N5z7vYEgCGRdWNXSEFJi%2Fw%3D%3D&trk=flagship3_search_srp_jobs,80
DataEdge Consulting,Power Platform and AI Builder Development Lead,https://www.linkedin.com/jobs/view/4290761246/?eBP=NOT_ELIGIBLE_FOR_CHARGING&refId=xYyf%2FEfOOrPdnt4D2sPo0w%3D%3D&trackingId=dhCb7jbZMjP96ZY5vEg8rw%3D%3D&trk=flagship3_search_srp_jobs,80
Cypress HCM,Business Intelligence Engineer,https://www.linkedin.com/jobs/view/4291388054/?eBP=NOT_ELIGIBLE_FOR_CHARGING&refId=xYyf%2FEfOOrPdnt4D2sPo0w%3D%3D&trackingId=6AiZUvyA%2B6AIujGqi1DLKw%3D%3D&trk=flagship3_search_srp_jobs,80
Precision Technologies,Azure Data Engineer,https://www.linkedin.com/jobs/view/4292555640/?eBP=NOT_ELIGIBLE_FOR_CHARGING&refId=DoAGbqaahc0IMr2FkwSmuw%3D%3D&trackingId=fS4j%2FPowu5D8Z9Z7GQc5fg%3D%3D&trk=flagship3_search_srp_jobs,80
Jack,Data Engineer,https://www.linkedin.com/jobs/view/4291911923/?eBP=NOT_ELIGIBLE_FOR_CHARGING&refId=DoAGbqaahc0IMr2FkwSmuw%3D%3D&trackingId=aFLxFegRmueYD0iW%2BvQflA%3D%3D&trk=flagship3_search_srp_jobs,80
Evolve,Head of Engineering – Agentic AI - Healthcare,https://www.linkedin.com/jobs/view/4291602227/?eBP=NOT_ELIGIBLE_FOR_CHARGING&refId=vr4DaQM5GsTwySsd7edOfQ%3D%3D&trackingId=m%2FPSdKD2lYpOeTw297hsfw%3D%3D&trk=flagship3_search_srp_jobs,80
ValueCore,Customer Sucess Lead,https://www.linkedin.com/jobs/view/4290876068/?eBP=BUDGET_EXHAUSTED_JOB&refId=vr4DaQM5GsTwySsd7edOfQ%3D%3D&trackingId=19t0wADsUzZDvJfP8AudiA%3D%3D&trk=flagship3_search_srp_jobs,80
NinjaTrader,Sr. Data Engineer,https://www.linkedin.com/jobs/view/4289978175/?eBP=NOT_ELIGIBLE_FOR_CHARGING&refId=vTRQ5QvJWtR%2BzFLvNaqO%2Fw%3D%3D&trackingId=T52lwv%2Fp%2BF6DfSMVbTo32w%3D%3D&trk=flagship3_search_srp_jobs,80
HaloMD,Senior Data Engineer,https://www.linkedin.com/jobs/view/4292431748/?eBP=NOT_ELIGIBLE_FOR_CHARGING&refId=vTRQ5QvJWtR%2BzFLvNaqO%2Fw%3D%3D&trackingId=ObTuGbFHuJDreQaonCXAtA%3D%3D&trk=flagship3_search_srp_jobs,80
PTR Global,Data Engineer IV,https://www.linkedin.com/jobs/view/4280970780/?eBP=NOT_ELIGIBLE_FOR_CHARGING&refId=oaTgx5gQbqQnwfpwsN3pJA%3D%3D&trackingId=TPrdddVS%2Bw5Sdch%2Fiq033Q%3D%3D&trk=flagship3_search_srp_jobs,80
Zolon Tech Inc.,Data Warehouse Engineer,https://www.linkedin.com/jobs/view/4292389676/?eBP=NOT_ELIGIBLE_FOR_CHARGING&refId=oaTgx5gQbqQnwfpwsN3pJA%3D%3D&trackingId=Kb%2BgugStv%2FZo5t%2FCplEyBw%3D%3D&trk=flagship3_search_srp_jobs,80
Integra Connect,DevOps Engineer – Snowflake & Azure,https://www.linkedin.com/jobs/view/4278965414/?eBP=NOT_ELIGIBLE_FOR_CHARGING&refId=xuhEMv3evCwwAHx0%2FEPGZQ%3D%3D&trackingId=VlFINui75xEzy0SJyHwGfw%3D%3D&trk=flagship3_search_srp_jobs,80
Prop Firm Match,Head of Analytics,https://www.linkedin.com/jobs/view/4290389999/?eBP=NOT_ELIGIBLE_FOR_CHARGING&refId=7R9CBSGtJBI1yC6pmrN6tw%3D%3D&trackingId=BY%2FbQ1KXGhaEqNxJV61ZQQ%3D%3D&trk=flagship3_search_srp_jobs,80
Confidential,DevOps Engineer (Ansible/Windows/Python)- $130K,https://www.linkedin.com/jobs/view/4241794946/?eBP=NOT_ELIGIBLE_FOR_CHARGING&refId=xuhEMv3evCwwAHx0%2FEPGZQ%3D%3D&trackingId=ve97Xf80KymBK8iSKIo69g%3D%3D&trk=flagship3_search_srp_jobs,80
Ampstek,Senior Data Modeler (Architect to Director Level),https://www.linkedin.com/jobs/view/4292428107/?eBP=NOT_ELIGIBLE_FOR_CHARGING&refId=xuhEMv3evCwwAHx0%2FEPGZQ%3D%3D&trackingId=j2V57RVIbtIUUIKBO9XDmg%3D%3D&trk=flagship3_search_srp_jobs,80
Scout Global,Professional Services Engineer,https://www.linkedin.com/jobs/view/4290742772/?eBP=NOT_ELIGIBLE_FOR_CHARGING&refId=DNc0wTk54R51WwIYJu60OA%3D%3D&trackingId=1ALohTZ5bzvavEwmJMENVQ%3D%3D&trk=flagship3_search_srp_jobs,80
LHH,Field Application Engineer,https://www.linkedin.com/jobs/view/4292408373/?eBP=NOT_ELIGIBLE_FOR_CHARGING&refId=OIQDCPJUo0GWRijjwbbXeQ%3D%3D&trackingId=fCVM3e05zZWwVnUqYC4kzg%3D%3D&trk=flagship3_search_srp_jobs,80
Orbis Group,Lead Infrastructure Engineer – AI Scale-Up,https://www.linkedin.com/jobs/view/4292571376/?eBP=NOT_ELIGIBLE_FOR_CHARGING&refId=NAkSAUz38DVy4ZqO04Vkcg%3D%3D&trackingId=Bc7T0k9ce%2BsSdPaPuWO40g%3D%3D&trk=flagship3_search_srp_jobs,80
Logisoft Technologies Inc.,Role: Technical Architect,https://www.linkedin.com/jobs/view/4292509315/?eBP=NOT_ELIGIBLE_FOR_CHARGING&refId=8nojAsK4shjuizQNqpcrTw%3D%3D&trackingId=Fqr1ZBsdryzoO5N8sgLoSQ%3D%3D&trk=flagship3_search_srp_jobs,80
Medix™,Software Engineer 244343,https://www.linkedin.com/jobs/view/4290750386/?eBP=BUDGET_EXHAUSTED_JOB&refId=xn1j%2FyBkiq0jX%2FsJYExAUQ%3D%3D&trackingId=bwrlQQ7MyDkBz5meawEZFg%3D%3D&trk=flagship3_search_srp_jobs,80
AP Professionals,Solutions Architect,https://www.linkedin.com/jobs/view/4292410241/?eBP=NOT_ELIGIBLE_FOR_CHARGING&refId=xn1j%2FyBkiq0jX%2FsJYExAUQ%3D%3D&trackingId=P6Uoid1IpC1OunMxRbMNXQ%3D%3D&trk=flagship3_search_srp_jobs,80
SoTalent,Data Engineer,https://www.linkedin.com/jobs/view/4290731167/?eBP=NOT_ELIGIBLE_FOR_CHARGING&refId=iJQ5coZ5IkYLlnUdaQcFIA%3D%3D&trackingId=6XdvS2CmtTAxss8q1LbMxQ%3D%3D&trk=flagship3_search_srp_jobs,80
THOUGHT BYTE,Google CCaaS Lead/ SME Engineer,https://www.linkedin.com/jobs/view/4289894991/?eBP=NOT_ELIGIBLE_FOR_CHARGING&refId=ecNS7UygC6VnqDUAp%2F94MA%3D%3D&trackingId=%2FpeJLyrlZdz8u97HBX7nfA%3D%3D&trk=flagship3_search_srp_jobs,80
Creative Circle,Creative Strategist,https://www.linkedin.com/jobs/view/4274276237/?eBP=NOT_ELIGIBLE_FOR_CHARGING&refId=ecNS7UygC6VnqDUAp%2F94MA%3D%3D&trackingId=kdD7HVqRs69%2Fm%2BZyg1VuaQ%3D%3D&trk=flagship3_search_srp_jobs,80
Catapult Solutions Group,Senior Data Engineer,https://www.linkedin.com/jobs/view/4292408311/?eBP=NOT_ELIGIBLE_FOR_CHARGING&refId=Dh%2Fody37vobCSFC61iZ0HQ%3D%3D&trackingId=8uDPuLaCKIM5wqY%2FIaXodA%3D%3D&trk=flagship3_search_srp_jobs,80
Cribl,"Senior Software Engineer, Lake",https://www.linkedin.com/jobs/view/4281161282/?eBP=NOT_ELIGIBLE_FOR_CHARGING&refId=85NgQHrPSzp%2FJQHdFMC2uA%3D%3D&trackingId=7jZNdLzeJIoeQt%2Fl6T7Fug%3D%3D&trk=flagship3_search_srp_jobs,80
Hays,Senior Software Engineer,https://www.linkedin.com/jobs/view/4292540117/?eBP=NOT_ELIGIBLE_FOR_CHARGING&refId=ftzU2S478FBZYkwNOkksJQ%3D%3D&trackingId=R88N5cXeIk6sC5co%2B6yuPA%3D%3D&trk=flagship3_search_srp_jobs,80
Avenue Code,Back End Engineer,https://www.linkedin.com/jobs/view/4281129288/?eBP=NOT_ELIGIBLE_FOR_CHARGING&refId=r%2FXZWq3dvnpV1iiWvt%2B0Vg%3D%3D&trackingId=JAxI%2BT21h%2B9LDoJw9nofpw%3D%3D&trk=flagship3_search_srp_jobs,80
"Intrepid Studios, Inc",Associate Software Engineer,https://www.linkedin.com/jobs/view/4292496202/?eBP=NOT_ELIGIBLE_FOR_CHARGING&refId=FNTCthSeoRMlyfumZyRzvA%3D%3D&trackingId=0gXsDe1OO60JDwwqfNEMpw%3D%3D&trk=flagship3_search_srp_jobs,80
Quantum World Technologies Inc.,AWS IoT Specialist,https://www.linkedin.com/jobs/view/4292592093/?eBP=NOT_ELIGIBLE_FOR_CHARGING&refId=%2BWV2REx%2BFIjRWgT8x5qEfg%3D%3D&trackingId=uu0SozfLwaTUSKN12ZC40Q%3D%3D&trk=flagship3_search_srp_jobs,80
GoGuardian,Solutions Engineer - Pre and Post Sales,https://www.linkedin.com/jobs/view/4132398006/?eBP=NOT_ELIGIBLE_FOR_CHARGING&refId=GZ%2BpnysITSyuVNiPQNDMzA%3D%3D&trackingId=s5YngZYNRo0WLu9htZIJsg%3D%3D&trk=flagship3_search_srp_jobs,80
"ICON Consultants, LP",Application Developer,https://www.linkedin.com/jobs/view/4292523691/?eBP=NOT_ELIGIBLE_FOR_CHARGING&refId=ysp38Qp7YJuIabj7VOnDag%3D%3D&trackingId=Ps7NwGxc8IQ6k5ItODN5Lg%3D%3D&trk=flagship3_search_srp_jobs,80
Goliath Partners,Quantitative Researcher,https://www.linkedin.com/jobs/view/4292388795/?eBP=NOT_ELIGIBLE_FOR_CHARGING&refId=AMnMmGwF7puUONgLwW4flQ%3D%3D&trackingId=rS7%2FT9erd8oI91P8wInhRQ%3D%3D&trk=flagship3_search_srp_jobs,75
SoTalent,Application Engineer,https://www.linkedin.com/jobs/view/4290725681/?eBP=NOT_ELIGIBLE_FOR_CHARGING&refId=EHXJ3KGsx36YFI0%2BbnEA9A%3D%3D&trackingId=r%2FzdUEfesJ7P4tVCdmssdg%3D%3D&trk=flagship3_search_srp_jobs,75
Outcomes®,Data Engineer II,https://www.linkedin.com/jobs/view/4280963576/?eBP=NOT_ELIGIBLE_FOR_CHARGING&refId=oaTgx5gQbqQnwfpwsN3pJA%3D%3D&trackingId=Q4p5zIMkqXi1cfmdBhSssA%3D%3D&trk=flagship3_search_srp_jobs,75
INSPYR Solutions,Cloud Data Engineer,https://www.linkedin.com/jobs/view/4292384429/?eBP=NOT_ELIGIBLE_FOR_CHARGING&refId=oaTgx5gQbqQnwfpwsN3pJA%3D%3D&trackingId=F3uRgubZ0DgvSlEQ5sdWjw%3D%3D&trk=flagship3_search_srp_jobs,75
Fanatics,Data Engineer III,https://www.linkedin.com/jobs/view/4239626016/?eBP=BUDGET_EXHAUSTED_JOB&refId=oaTgx5gQbqQnwfpwsN3pJA%3D%3D&trackingId=pzT3pMSctC1NzJcjHPu7LA%3D%3D&trk=flagship3_search_srp_jobs,75
Jobgether,Data Researcher / Caller Scheduler - Remote,https://www.linkedin.com/jobs/view/4290713138/?eBP=NOT_ELIGIBLE_FOR_CHARGING&refId=AMnMmGwF7puUONgLwW4flQ%3D%3D&trackingId=y1ZPgjcLe1spabfF0b24KA%3D%3D&trk=flagship3_search_srp_jobs,70
truData Solutions,Business Data Analyst,https://www.linkedin.com/jobs/view/4292450056/?eBP=NOT_ELIGIBLE_FOR_CHARGING&refId=uuPOjNF%2BtoLJIdywgC%2FFrA%3D%3D&trackingId=I7zNASR60I%2BB6DxoFIYtEg%3D%3D&trk=flagship3_search_srp_jobs,70
HireNetworks,Back End Developer,https://www.linkedin.com/jobs/view/4290757307/?eBP=NOT_ELIGIBLE_FOR_CHARGING&refId=FN%2B8%2BqgmU7WQ6Ny39bbEtA%3D%3D&trackingId=%2FTw%2FfnjbMOgQBOJHYil4ew%3D%3D&trk=flagship3_search_srp_jobs,70
Largeton Group,Research Analyst IV,https://www.linkedin.com/jobs/view/4292504465/?eBP=NOT_ELIGIBLE_FOR_CHARGING&refId=FN%2B8%2BqgmU7WQ6Ny39bbEtA%3D%3D&trackingId=MXrOhlxiANT3tEEuTlG3kw%3D%3D&trk=flagship3_search_srp_jobs,70
Mindlance,Data Scientist (GIS),https://www.linkedin.com/jobs/view/4281059527/?eBP=NOT_ELIGIBLE_FOR_CHARGING&refId=EHXJ3KGsx36YFI0%2BbnEA9A%3D%3D&trackingId=1uy0FLd81%2BYFU%2F4oVXjKXQ%3D%3D&trk=flagship3_search_srp_jobs,70
Dataworks,Staff Software Engineer,https://www.linkedin.com/jobs/view/4280771435/?eBP=NOT_ELIGIBLE_FOR_CHARGING&refId=EHXJ3KGsx36YFI0%2BbnEA9A%3D%3D&trackingId=Uo9a8pofAVkojvddobztHg%3D%3D&trk=flagship3_search_srp_jobs,70
"Nullspace, Inc.",Senior Applications Engineer,https://www.linkedin.com/jobs/view/4292189509/?eBP=BUDGET_EXHAUSTED_JOB&refId=EHXJ3KGsx36YFI0%2BbnEA9A%3D%3D&trackingId=1V7C%2BBd%2Fn7XEA5ZdT%2Fj%2FJA%3D%3D&trk=flagship3_search_srp_jobs,70
Insure Technology,Senior Data Analyst,https://www.linkedin.com/jobs/view/4292199505/?eBP=NOT_ELIGIBLE_FOR_CHARGING&refId=9z9MBFiCBjHClPNESNOojw%3D%3D&trackingId=8d3UJcObweb5OvSJvMkjpg%3D%3D&trk=flagship3_search_srp_jobs,70
"Aroha Technologies, Inc",Looker Architect,https://www.linkedin.com/jobs/view/4292589201/?eBP=NOT_ELIGIBLE_FOR_CHARGING&refId=H0bKITs252qo8cs8%2FlBiow%3D%3D&trackingId=yxYIGLWi%2BQXVpT%2BGaxNGqQ%3D%3D&trk=flagship3_search_srp_jobs,70
ContractStaffingRecruiters.com,Full Stack Developer,https://www.linkedin.com/jobs/view/4292428998/?eBP=NOT_ELIGIBLE_FOR_CHARGING&refId=BBRmv0GgkdN5l2xQKkx%2FLw%3D%3D&trackingId=h%2F1eecewdaN4hEdwy2F2xQ%3D%3D&trk=flagship3_search_srp_jobs,70
Quantum Technology Recruiting Inc. (QTR),Senior Backend Engineer,https://www.linkedin.com/jobs/view/4292527853/?eBP=NOT_ELIGIBLE_FOR_CHARGING&refId=u4cAvxwwoxWHO5dEetnLdw%3D%3D&trackingId=2LelkxqMW8WIp6qQJBeGNQ%3D%3D&trk=flagship3_search_srp_jobs,70
Sibitalent Corp,Business Intelligence Developer,https://www.linkedin.com/jobs/view/4292509967/?eBP=NOT_ELIGIBLE_FOR_CHARGING&refId=xYyf%2FEfOOrPdnt4D2sPo0w%3D%3D&trackingId=%2BHvIk21bK%2BxNenC6c2%2F4cg%3D%3D&trk=flagship3_search_srp_jobs,70
Dispel,Marketing Operations & Analytics Specialist,https://www.linkedin.com/jobs/view/4292812210/?eBP=NOT_ELIGIBLE_FOR_CHARGING&refId=o1bYYpucxXazwuUsvs3t0A%3D%3D&trackingId=noVU8yrMZgH9Du2TWPBjtA%3D%3D&trk=flagship3_search_srp_jobs,70
Evry Health,REMOTE: Senior Software Engineer,https://www.linkedin.com/jobs/view/4290748693/?eBP=NOT_ELIGIBLE_FOR_CHARGING&refId=xYyf%2FEfOOrPdnt4D2sPo0w%3D%3D&trackingId=jya1oPEozw4%2BpZmky4qwnQ%3D%3D&trk=flagship3_search_srp_jobs,70
PDSSOFT INC.,AI Product Manager - NO C2C,https://www.linkedin.com/jobs/view/4290956816/?eBP=NOT_ELIGIBLE_FOR_CHARGING&refId=vr4DaQM5GsTwySsd7edOfQ%3D%3D&trackingId=LFHNDwdis7wpUxR%2FJ4bnEA%3D%3D&trk=flagship3_search_srp_jobs,70
eSense Incorporated,Solutions Architect,https://www.linkedin.com/jobs/view/4292409231/?eBP=NOT_ELIGIBLE_FOR_CHARGING&refId=vr4DaQM5GsTwySsd7edOfQ%3D%3D&trackingId=BgWFiYjz3q6L061kldpn9A%3D%3D&trk=flagship3_search_srp_jobs,70
FUSTIS LLC,Remote Cloud Data Architect,https://www.linkedin.com/jobs/view/4292556875/?eBP=NOT_ELIGIBLE_FOR_CHARGING&refId=oaTgx5gQbqQnwfpwsN3pJA%3D%3D&trackingId=L%2FRYj8HrMBwR4sszvqSjiw%3D%3D&trk=flagship3_search_srp_jobs,70
Cyient,Data Engineer,https://www.linkedin.com/jobs/view/4290743774/?eBP=NOT_ELIGIBLE_FOR_CHARGING&refId=oaTgx5gQbqQnwfpwsN3pJA%3D%3D&trackingId=bJW2VvW6eLT8Uh5SCTVPTQ%3D%3D&trk=flagship3_search_srp_jobs,70
NOVO,Microsoft Cloud Engineer,https://www.linkedin.com/jobs/view/4292518370/?eBP=BUDGET_EXHAUSTED_JOB&refId=oaTgx5gQbqQnwfpwsN3pJA%3D%3D&trackingId=2PuHDOVt1rxkCvWLPA8HWg%3D%3D&trk=flagship3_search_srp_jobs,70
ClickUp,"Senior Solutions Engineer, Channel (LATAM)",https://www.linkedin.com/jobs/view/4280968535/?eBP=NOT_ELIGIBLE_FOR_CHARGING&refId=xn1j%2FyBkiq0jX%2FsJYExAUQ%3D%3D&trackingId=e8%2Fk4IPkpb0elzMFRJ8GVQ%3D%3D&trk=flagship3_search_srp_jobs,70
Applicantz,Full Stack Engineer – AWS & Serverless,https://www.linkedin.com/jobs/view/4292515496/?eBP=NOT_ELIGIBLE_FOR_CHARGING&refId=6gN852dcHebOQtchslSNMw%3D%3D&trackingId=Uqjq6kX%2B%2BCGKWviDeRmPGw%3D%3D&trk=flagship3_search_srp_jobs,70
Zearch,"CTO/Head of Engineering - Pre-Seed, Agentic AI Security Platform",https://www.linkedin.com/jobs/view/4292518206/?eBP=NOT_ELIGIBLE_FOR_CHARGING&refId=9sITF2gyuquiCTRMnz%2B3TQ%3D%3D&trackingId=HQshM6NBrV5oernVYrvlmg%3D%3D&trk=flagship3_search_srp_jobs,70
"Delta System & Software, Inc.",Google CCaaS Lead/SME Engineer,https://www.linkedin.com/jobs/view/4290973191/?eBP=NOT_ELIGIBLE_FOR_CHARGING&refId=r%2FXZWq3dvnpV1iiWvt%2B0Vg%3D%3D&trackingId=4W%2F%2FwVzRft1A8t5tMmz%2Fhg%3D%3D&trk=flagship3_search_srp_jobs,70
Saksoft,AWS IoT Specialist - Remote - Long-term,https://www.linkedin.com/jobs/view/4290760401/?eBP=NOT_ELIGIBLE_FOR_CHARGING&refId=%2FYkgbyquBPItYt%2BGyMx%2BiQ%3D%3D&trackingId=pm6WRYZN57SKyoias1D%2BKg%3D%3D&trk=flagship3_search_srp_jobs,70
Orbis Group,Senior DevSecOps Engineer,https://www.linkedin.com/jobs/view/4292160157/?eBP=NOT_ELIGIBLE_FOR_CHARGING&refId=SqhHCt7Sk6enZD1JDIL4Kw%3D%3D&trackingId=XpewkiyXs0N6Q2wT00SuQw%3D%3D&trk=flagship3_search_srp_jobs,70
Cedar,Staff Software Engineer (Product Engineering),https://www.linkedin.com/jobs/view/4266777612/?eBP=NOT_ELIGIBLE_FOR_CHARGING&refId=KhwkuiG1iYKHKiG3xdJ5vA%3D%3D&trackingId=3tN43%2BPgR0rG%2Bbct7y8EaQ%3D%3D&trk=flagship3_search_srp_jobs,65
Hanalytica GmbH,Senior Database Administrator,https://www.linkedin.com/jobs/view/4257225524/?eBP=NOT_ELIGIBLE_FOR_CHARGING&refId=%2BZ%2BUojoZ4jqxQ3FkHYAeiA%3D%3D&trackingId=9%2BUxnf9fTMZSLTHHkJfwuA%3D%3D&trk=flagship3_search_srp_jobs,65
Sibitalent Corp,Business Intelligence Developer,https://www.linkedin.com/jobs/view/4292194590/?eBP=NOT_ELIGIBLE_FOR_CHARGING&refId=b85oQm%2BYIjKufvRnTNncVw%3D%3D&trackingId=oerIB2fYdCgz6I86wOvtyw%3D%3D&trk=flagship3_search_srp_jobs,65
TRX,Junior Analyst,https://www.linkedin.com/jobs/view/4292861012/?eBP=NOT_ELIGIBLE_FOR_CHARGING&refId=AMnMmGwF7puUONgLwW4flQ%3D%3D&trackingId=tiVScC4tIVyklKAdwYm6Vw%3D%3D&trk=flagship3_search_srp_jobs,60
RWS Group,AI Data Annotators - Esperanto (hiring globally),https://www.linkedin.com/jobs/view/4292475917/?eBP=NOT_ELIGIBLE_FOR_CHARGING&refId=uuPOjNF%2BtoLJIdywgC%2FFrA%3D%3D&trackingId=pzbFlj6%2Bnr5faTZ%2B3mgFlw%3D%3D&trk=flagship3_search_srp_jobs,60
SmartBound,GTM Engineer,https://www.linkedin.com/jobs/view/4292411443/?eBP=NOT_ELIGIBLE_FOR_CHARGING&refId=uuPOjNF%2BtoLJIdywgC%2FFrA%3D%3D&trackingId=WEw9%2FOh7TN4jWLUtQanA%2Fg%3D%3D&trk=flagship3_search_srp_jobs,60
Mindrift,Freelance Mathematics Expert- AI Tutor,https://www.linkedin.com/jobs/view/4292560551/?eBP=NOT_ELIGIBLE_FOR_CHARGING&refId=K3k97i%2BxK3bJ4oNhDk7AJw%3D%3D&trackingId=3sV7TJ7E42DK7CcfdqI9NQ%3D%3D&trk=flagship3_search_srp_jobs,60
Kobie,Decision Science Analyst,https://www.linkedin.com/jobs/view/4292400556/?eBP=NOT_ELIGIBLE_FOR_CHARGING&refId=K3k97i%2BxK3bJ4oNhDk7AJw%3D%3D&trackingId=VJLumLuFpXlltHvPKJIn8g%3D%3D&trk=flagship3_search_srp_jobs,60
Mindrift,Freelance Mathematics Expert- AI Tutor,https://www.linkedin.com/jobs/view/4292557749/?eBP=NOT_ELIGIBLE_FOR_CHARGING&refId=FN%2B8%2BqgmU7WQ6Ny39bbEtA%3D%3D&trackingId=%2BPUpYMc41qYGEhUdlmmDqg%3D%3D&trk=flagship3_search_srp_jobs,60
Mindrift,Freelance Mathematics Expert- AI Tutor,https://www.linkedin.com/jobs/view/4292527904/?eBP=NOT_ELIGIBLE_FOR_CHARGING&refId=C9oIBk8DV9vMN0cqD5frdQ%3D%3D&trackingId=jdZPE4etRWDQpUJvZ4RUzA%3D%3D&trk=flagship3_search_srp_jobs,60
Bamboo X,Back End Developer,https://www.linkedin.com/jobs/view/4292422656/?eBP=NOT_ELIGIBLE_FOR_CHARGING&refId=C9oIBk8DV9vMN0cqD5frdQ%3D%3D&trackingId=0ovGB7ZhbvqP8ZbXliIL4A%3D%3D&trk=flagship3_search_srp_jobs,60
NinjaTrader,Product Data Analyst,https://www.linkedin.com/jobs/view/4278381144/?eBP=NOT_ELIGIBLE_FOR_CHARGING&refId=%2B95FmsAe7D1oXroxKkTPtw%3D%3D&trackingId=LaTwopsVGHmUUmvNda%2BsAg%3D%3D&trk=flagship3_search_srp_jobs,60
TransPerfect,Digital Marketing Data Analyst,https://www.linkedin.com/jobs/view/4292184711/?eBP=NOT_ELIGIBLE_FOR_CHARGING&refId=9z9MBFiCBjHClPNESNOojw%3D%3D&trackingId=PlkFtG2tzHg2aONha9pihQ%3D%3D&trk=flagship3_search_srp_jobs,60
Mindrift,Freelance Physics Expert - AI Trainer,https://www.linkedin.com/jobs/view/4292561917/?eBP=NOT_ELIGIBLE_FOR_CHARGING&refId=EHXJ3KGsx36YFI0%2BbnEA9A%3D%3D&trackingId=%2FpwHXmY2fPDKWT60y%2FHwLA%3D%3D&trk=flagship3_search_srp_jobs,60
Optomi,"Staff Software Engineer (React, Node, AWS)",https://www.linkedin.com/jobs/view/4292191595/?eBP=NOT_ELIGIBLE_FOR_CHARGING&refId=EHXJ3KGsx36YFI0%2BbnEA9A%3D%3D&trackingId=8THw1fggGpAi7YiIbPtTXA%3D%3D&trk=flagship3_search_srp_jobs,60
Employer.com,"People Analytics (remote, contract)",https://www.linkedin.com/jobs/view/4292528116/?eBP=NOT_ELIGIBLE_FOR_CHARGING&refId=ggkxWW983a5Opvry1X%2FB7g%3D%3D&trackingId=apPesBwh7Qce1JX2MlIzhw%3D%3D&trk=flagship3_search_srp_jobs,60
TransPerfect,Digital Marketing Data Analyst,https://www.linkedin.com/jobs/view/4292183830/?eBP=NOT_ELIGIBLE_FOR_CHARGING&refId=H0bKITs252qo8cs8%2FlBiow%3D%3D&trackingId=hibnD%2BMxXFc44kSuaAv2Gw%3D%3D&trk=flagship3_search_srp_jobs,60
Creative People,Marketing Data Scientist,https://www.linkedin.com/jobs/view/4290780094/?eBP=NOT_ELIGIBLE_FOR_CHARGING&refId=KhwkuiG1iYKHKiG3xdJ5vA%3D%3D&trackingId=0aykNMLOOXV%2BtkgJ8Eteew%3D%3D&trk=flagship3_search_srp_jobs,60
Creative Circle,API Developer,https://www.linkedin.com/jobs/view/4290783040/?eBP=NOT_ELIGIBLE_FOR_CHARGING&refId=d4SUhORFQexZV8CesVcWQQ%3D%3D&trackingId=9TQ%2F8M6rqHV9VFYvbY6LoA%3D%3D&trk=flagship3_search_srp_jobs,60
Insight Global,Technologist,https://www.linkedin.com/jobs/view/4292189879/?eBP=NOT_ELIGIBLE_FOR_CHARGING&refId=NVLdF3FXcuh4wcdWqpfFJw%3D%3D&trackingId=iQI0ihaptU%2FGJuXKNBnzjg%3D%3D&trk=flagship3_search_srp_jobs,60
MXA Talent Solutions,Database Administrator,https://www.linkedin.com/jobs/view/4292514228/?eBP=NOT_ELIGIBLE_FOR_CHARGING&refId=d4SUhORFQexZV8CesVcWQQ%3D%3D&trackingId=XvdfZE6YWVXvLlHTrI6psg%3D%3D&trk=flagship3_search_srp_jobs,60
Meritore Technologies,MS Application Developer,https://www.linkedin.com/jobs/view/4292186059/?eBP=NOT_ELIGIBLE_FOR_CHARGING&refId=BBRmv0GgkdN5l2xQKkx%2FLw%3D%3D&trackingId=4R6MHkl2Iuoi%2F7gLK3NYBg%3D%3D&trk=flagship3_search_srp_jobs,60
Ketryx,"AI, Digital, and Cyber Compliance",https://www.linkedin.com/jobs/view/4292508769/?eBP=NOT_ELIGIBLE_FOR_CHARGING&refId=MDTsOfYfAZEcSpvvSe2Ihg%3D%3D&trackingId=BYEYqeujLaeCYGAHXjwm3w%3D%3D&trk=flagship3_search_srp_jobs,60
TecHOUNDS,Full Stack Developer,https://www.linkedin.com/jobs/view/4292191732/?eBP=NOT_ELIGIBLE_FOR_CHARGING&refId=vCQFOrVKlAq6dG1xR7G5%2FA%3D%3D&trackingId=802wwe%2B8H8EjWdSR4v3pwg%3D%3D&trk=flagship3_search_srp_jobs,60
Datifact,Full Stack Engineer,https://www.linkedin.com/jobs/view/4290732795/?eBP=NOT_ELIGIBLE_FOR_CHARGING&refId=vCQFOrVKlAq6dG1xR7G5%2FA%3D%3D&trackingId=i8q82o6kNb%2FOkF%2Fwj1QA1w%3D%3D&trk=flagship3_search_srp_jobs,60
R2 Global,"Senior Shopify Developer - $140,000 – 100% remote",https://www.linkedin.com/jobs/view/4292183341/?eBP=NOT_ELIGIBLE_FOR_CHARGING&refId=u4cAvxwwoxWHO5dEetnLdw%3D%3D&trackingId=A9r9aFuuCz035n7Y0Z7YwQ%3D%3D&trk=flagship3_search_srp_jobs,60
Nexify Infosystems,Web Application Developer,https://www.linkedin.com/jobs/view/4292524253/?eBP=NOT_ELIGIBLE_FOR_CHARGING&refId=2BLV9tp5O0aQRIB7K0Zpqw%3D%3D&trackingId=1VgqJVefyST9siePuJwRiA%3D%3D&trk=flagship3_search_srp_jobs,60
Sierra Digital Inc,Back End Developer,https://www.linkedin.com/jobs/view/4292523049/?eBP=NOT_ELIGIBLE_FOR_CHARGING&refId=Ul6feYF06CdU97jT3x60Bg%3D%3D&trackingId=htl9Zt%2FlHQ%2FouU7AZDYsVw%3D%3D&trk=flagship3_search_srp_jobs,60
RandomTrees,GA4 Analytics Developer,https://www.linkedin.com/jobs/view/4285561416/?eBP=NOT_ELIGIBLE_FOR_CHARGING&refId=2BLV9tp5O0aQRIB7K0Zpqw%3D%3D&trackingId=w%2BgAU6McsonloWI3pUR7WQ%3D%3D&trk=flagship3_search_srp_jobs,60
Curate Partners,"BI Developer (Tableau, Grafana)",https://www.linkedin.com/jobs/view/4292506521/?eBP=NOT_ELIGIBLE_FOR_CHARGING&refId=xYyf%2FEfOOrPdnt4D2sPo0w%3D%3D&trackingId=20KuWczbuFzrpZ3q8XSxWA%3D%3D&trk=flagship3_search_srp_jobs,60
Hirobe Limited,Adobe Experience Platform (AEP) Data Architect,https://www.linkedin.com/jobs/view/4292568705/?eBP=NOT_ELIGIBLE_FOR_CHARGING&refId=xYyf%2FEfOOrPdnt4D2sPo0w%3D%3D&trackingId=Dzat748Gr4l4c8pcKUfaNQ%3D%3D&trk=flagship3_search_srp_jobs,60
PDSSOFT INC.,Product Manager with AI/ML- NO C2C,https://www.linkedin.com/jobs/view/4289634198/?eBP=NOT_ELIGIBLE_FOR_CHARGING&refId=lKfdIVpTTeJ08q0dy5LbUQ%3D%3D&trackingId=UisqTRsTURHfaRX0BPab3g%3D%3D&trk=flagship3_search_srp_jobs,60
Jack,Full Stack Engineer,https://www.linkedin.com/jobs/view/4289015263/?eBP=BUDGET_EXHAUSTED_JOB&refId=vTRQ5QvJWtR%2BzFLvNaqO%2Fw%3D%3D&trackingId=snjvlN6yJs%2FzT9pu16IGcg%3D%3D&trk=flagship3_search_srp_jobs,60
Recruiting from Scratch,Full Stack Engineer,https://www.linkedin.com/jobs/view/4284184823/?eBP=NOT_ELIGIBLE_FOR_CHARGING&refId=oaTgx5gQbqQnwfpwsN3pJA%3D%3D&trackingId=IfQ9UXbab9TJYiDeWlBcZA%3D%3D&trk=flagship3_search_srp_jobs,60
Talent Groups,SQL Server Developer,https://www.linkedin.com/jobs/view/4289984189/?eBP=NOT_ELIGIBLE_FOR_CHARGING&refId=xuhEMv3evCwwAHx0%2FEPGZQ%3D%3D&trackingId=YyHrVGpJLsI07YhdLSSk5g%3D%3D&trk=flagship3_search_srp_jobs,60
Futran Solutions,Database Specialist,https://www.linkedin.com/jobs/view/4292399484/?eBP=NOT_ELIGIBLE_FOR_CHARGING&refId=cX%2By6S%2BBLzN82%2F3fgMYpdQ%3D%3D&trackingId=w%2FQZBUAqbak66Cl05U%2FCEQ%3D%3D&trk=flagship3_search_srp_jobs,60
"Tech Titan, LLC",Healthcare FHIR / API Integration Engineer,https://www.linkedin.com/jobs/view/4292513819/?eBP=NOT_ELIGIBLE_FOR_CHARGING&refId=xuhEMv3evCwwAHx0%2FEPGZQ%3D%3D&trackingId=r7IJg9K5wSpbeEj7wAY3Kw%3D%3D&trk=flagship3_search_srp_jobs,60
Theoria Medical,Senior Application Architect - Remote (PH),https://www.linkedin.com/jobs/view/4290740786/?eBP=NOT_ELIGIBLE_FOR_CHARGING&refId=tx8x2gTbsFg7ok3EUgyzNA%3D%3D&trackingId=7jwPnghoCR77YOHT3iGMVg%3D%3D&trk=flagship3_search_srp_jobs,60
JustAnswer,"Vice President, Analytics",https://www.linkedin.com/jobs/view/4292524180/?eBP=BUDGET_EXHAUSTED_JOB&refId=OIQDCPJUo0GWRijjwbbXeQ%3D%3D&trackingId=GVupTF2QFU%2FTo%2Fr5bLPucg%3D%3D&trk=flagship3_search_srp_jobs,60
Sphera,Vice President of Product Management (Data & AI),https://www.linkedin.com/jobs/view/4292170727/?eBP=NOT_ELIGIBLE_FOR_CHARGING&refId=NAkSAUz38DVy4ZqO04Vkcg%3D%3D&trackingId=2dmcr7n2tW1GTPFWBG%2BjPA%3D%3D&trk=flagship3_search_srp_jobs,60
humaximus,"Co-Founder, CTO",https://www.linkedin.com/jobs/view/4292182321/?eBP=NOT_ELIGIBLE_FOR_CHARGING&refId=8nojAsK4shjuizQNqpcrTw%3D%3D&trackingId=LeOAMsH%2FWKYCy5UfxVIFJQ%3D%3D&trk=flagship3_search_srp_jobs,60
Brooksource,Salesforce Engineer,https://www.linkedin.com/jobs/view/4292401088/?eBP=NOT_ELIGIBLE_FOR_CHARGING&refId=9oeWSyAJwzuRufv7qI1lGg%3D%3D&trackingId=h6Uv9qY54LCGQBLwZ6qHmA%3D%3D&trk=flagship3_search_srp_jobs,60
"Surya Systems, Inc",Platform Product Manager,https://www.linkedin.com/jobs/view/4292406745/?eBP=NOT_ELIGIBLE_FOR_CHARGING&refId=8nojAsK4shjuizQNqpcrTw%3D%3D&trackingId=NcgkYsg2gT1tNs14%2FBWt7g%3D%3D&trk=flagship3_search_srp_jobs,60
Sure FinAds,Senior Product Engineer,https://www.linkedin.com/jobs/view/4292605152/?eBP=NOT_ELIGIBLE_FOR_CHARGING&refId=WxcND%2F4IE8lMDorBTsHJBw%3D%3D&trackingId=S8N5qovcd%2F0DpCZ4tcMOUw%3D%3D&trk=flagship3_search_srp_jobs,60
Samsara,Product Manager - Safety Applied AI,https://www.linkedin.com/jobs/view/4198161053/?eBP=NOT_ELIGIBLE_FOR_CHARGING&refId=6gN852dcHebOQtchslSNMw%3D%3D&trackingId=wnrE9JgkiIGMsNWk5xcx6g%3D%3D&trk=flagship3_search_srp_jobs,60
Symbioun,ChangeMan/Programmer – Advanced,https://www.linkedin.com/jobs/view/4292188306/?eBP=NOT_ELIGIBLE_FOR_CHARGING&refId=iJQ5coZ5IkYLlnUdaQcFIA%3D%3D&trackingId=utoGtQL8UuyG7ytvcE2LlA%3D%3D&trk=flagship3_search_srp_jobs,60
SPECTRAFORCE,Database/ETL developer (Only on W2),https://www.linkedin.com/jobs/view/4292444096/?eBP=NOT_ELIGIBLE_FOR_CHARGING&refId=ecNS7UygC6VnqDUAp%2F94MA%3D%3D&trackingId=hytxlLGuR6itKCYea4cuUw%3D%3D&trk=flagship3_search_srp_jobs,60
Acumenz Consulting,"Senior Software Engineer /Senior Data Engineer with .Net,ReactJS,React Native,Mobile| Need Independant Visa --20 years exp",https://www.linkedin.com/jobs/view/4292508338/?eBP=NOT_ELIGIBLE_FOR_CHARGING&refId=9sITF2gyuquiCTRMnz%2B3TQ%3D%3D&trackingId=2%2BDmHXKfyPSC%2FuZkxGlLJA%3D%3D&trk=flagship3_search_srp_jobs,60
Futran Solutions,Business Analyst,https://www.linkedin.com/jobs/view/4292437498/?eBP=NOT_ELIGIBLE_FOR_CHARGING&refId=FNTCthSeoRMlyfumZyRzvA%3D%3D&trackingId=yhwUd6c00FtpUnxO46B%2BIw%3D%3D&trk=flagship3_search_srp_jobs,60
Compunnel Inc.,Platform Implementation Specialist,https://www.linkedin.com/jobs/view/4292504994/?eBP=NOT_ELIGIBLE_FOR_CHARGING&refId=KPnfr%2BCoff9BRHq44%2FIfHQ%3D%3D&trackingId=Iu03cda3QZCDnVjfBqYDPA%3D%3D&trk=flagship3_search_srp_jobs,60
AI Learning Consultant Network (AILCN),AiLearning Consultant,https://www.linkedin.com/jobs/view/4291621484/?eBP=NOT_ELIGIBLE_FOR_CHARGING&refId=uuPOjNF%2BtoLJIdywgC%2FFrA%3D%3D&trackingId=vtGMNJFKBNtUOVgQqdjEOg%3D%3D&trk=flagship3_search_srp_jobs,50
JCW Group,Power BI Consultant,https://www.linkedin.com/jobs/view/4290748146/?eBP=NOT_ELIGIBLE_FOR_CHARGING&refId=jke0VnqZobkXwVcTvT4zeQ%3D%3D&trackingId=eLA5bGB1TCL0K4E4J9uJkg%3D%3D&trk=flagship3_search_srp_jobs,50
Jobgether,"Senior Software Engineer, Full-Stack (Remote - US)",https://www.linkedin.com/jobs/view/4290707761/?eBP=NOT_ELIGIBLE_FOR_CHARGING&refId=piBxbVw6cQocsgYRDbGLtA%3D%3D&trackingId=ItbjtZi93eZGcNiJ0A12%2BQ%3D%3D&trk=flagship3_search_srp_jobs,50
Jobot Consulting,React Software Engineer / Web Developer,https://www.linkedin.com/jobs/view/4290716799/?eBP=NOT_ELIGIBLE_FOR_CHARGING&refId=d4SUhORFQexZV8CesVcWQQ%3D%3D&trackingId=pdWQHp3ADMEJWZIIbY9W%2FQ%3D%3D&trk=flagship3_search_srp_jobs,50
Planet Pharma,Principal Scientist,https://www.linkedin.com/jobs/view/4292198265/?eBP=NOT_ELIGIBLE_FOR_CHARGING&refId=NVLdF3FXcuh4wcdWqpfFJw%3D%3D&trackingId=FAxQKOiu0%2F4VdxR5695Gng%3D%3D&trk=flagship3_search_srp_jobs,50
PortalSphere,Full Stack Developer – JavaScript Expert,https://www.linkedin.com/jobs/view/4292195937/?eBP=BUDGET_EXHAUSTED_JOB&refId=vCQFOrVKlAq6dG1xR7G5%2FA%3D%3D&trackingId=q1zVJet%2BWfzR46EvN6SnrA%3D%3D&trk=flagship3_search_srp_jobs,50
Aditi Consulting,Software Design Engineer,https://www.linkedin.com/jobs/view/4292530533/?eBP=NOT_ELIGIBLE_FOR_CHARGING&refId=2BLV9tp5O0aQRIB7K0Zpqw%3D%3D&trackingId=m2AbAX4ErbkZNlOH1RjpCA%3D%3D&trk=flagship3_search_srp_jobs,50
Wealthfront,"Software Engineer, Frontend",https://www.linkedin.com/jobs/view/4292552124/?eBP=NOT_ELIGIBLE_FOR_CHARGING&refId=2BLV9tp5O0aQRIB7K0Zpqw%3D%3D&trackingId=fdCFLBNLFFmRznmP0J7%2BIg%3D%3D&trk=flagship3_search_srp_jobs,50
Smartcat,"Director of Product Management, Marketing Vertical",https://www.linkedin.com/jobs/view/4250791788/?eBP=BUDGET_EXHAUSTED_JOB&refId=DNc0wTk54R51WwIYJu60OA%3D%3D&trackingId=X2TuH%2FSY%2BFJJCEGmKgEMdA%3D%3D&trk=flagship3_search_srp_jobs,50
Syndigo,Solutions Consultant,https://www.linkedin.com/jobs/view/4226007182/?eBP=NOT_ELIGIBLE_FOR_CHARGING&refId=9oeWSyAJwzuRufv7qI1lGg%3D%3D&trackingId=j2KFC2bqrm0QyigP7wGkVA%3D%3D&trk=flagship3_search_srp_jobs,50
Lenmar Consulting Inc,Lead Power Platform + AI Developer (USC & GC only - No C2C),https://www.linkedin.com/jobs/view/4292527153/?eBP=NOT_ELIGIBLE_FOR_CHARGING&refId=iJQ5coZ5IkYLlnUdaQcFIA%3D%3D&trackingId=XWMUQJLJxESB6C9NbY58og%3D%3D&trk=flagship3_search_srp_jobs,50
Infojini Inc,Okta engineer,https://www.linkedin.com/jobs/view/4292520361/?eBP=NOT_ELIGIBLE_FOR_CHARGING&refId=31umwdEesxX5OmvwiLPfjQ%3D%3D&trackingId=4Aog8ukG%2BMz%2F46nbX268cw%3D%3D&trk=flagship3_search_srp_jobs,50
Info Way Solutions,Clinical Data Specialist,https://www.linkedin.com/jobs/view/4292528027/?eBP=NOT_ELIGIBLE_FOR_CHARGING&refId=KPnfr%2BCoff9BRHq44%2FIfHQ%3D%3D&trackingId=bGZt9R4ZboZykul6nusNLQ%3D%3D&trk=flagship3_search_srp_jobs,50
